Workbook

Sheet Overview
B2: NOIR | Caption bank
B3: Concept café brand. 30 Instagram captions grouped by tone and call to action.
B5: How to use
B6: 1. Filter the Captions sheet by Tone, CTA type or Format.
B7: 2. Copy the finished caption from the 'Full caption' column.
B8: 3. Edit only the white columns. Grey columns are formulas and update on their own.
B9: 4. Keep the whole caption under 2,200 characters (Instagram's limit).
B11: Content mix
B12: Tone | C12: Captions | E12: CTA type | F12: Captions
B13: Moody | C13: =COUNTIF(Captions!$B$5:$B$200,"Moody") -> 6 | E13: Save | F13: =COUNTIF(Captions!$C$5:$C$200,"Save") -> 6
B14: Warm | C14: =COUNTIF(Captions!$B$5:$B$200,"Warm") -> 6 | E14: Share | F14: =COUNTIF(Captions!$C$5:$C$200,"Share") -> 4
B15: Playful | C15: =COUNTIF(Captions!$B$5:$B$200,"Playful") -> 6 | E15: Comment | F15: =COUNTIF(Captions!$C$5:$C$200,"Comment") -> 7
B16: Craft | C16: =COUNTIF(Captions!$B$5:$B$200,"Craft") -> 6 | E16: Tag | F16: =COUNTIF(Captions!$C$5:$C$200,"Tag") -> 3
B17: Community | C17: =COUNTIF(Captions!$B$5:$B$200,"Community") -> 6 | E17: Visit / Reserve | F17: =COUNTIF(Captions!$C$5:$C$200,"Visit / Reserve") -> 3
B18: Total | C18: =SUM(C13:C17) -> 30 | E18: DM | F18: =COUNTIF(Captions!$C$5:$C$200,"DM") -> 2
E19: Follow | F19: =COUNTIF(Captions!$C$5:$C$200,"Follow") -> 4
E20: Vote | F20: =COUNTIF(Captions!$C$5:$C$200,"Vote") -> 1
E21: Total | F21: =SUM(F13:F20) -> 30
B24: Format | C24: Captions | E24: Status | F24: Captions
B25: Reel | C25: =COUNTIF(Captions!$D$5:$D$200,"Reel") -> 11 | E25: Ready | F25: =COUNTIF(Captions!$L$5:$L$200,"Ready") -> 18
B26: Carousel | C26: =COUNTIF(Captions!$D$5:$D$200,"Carousel") -> 7 | E26: Draft | F26: =COUNTIF(Captions!$L$5:$L$200,"Draft") -> 9
B27: Static | C27: =COUNTIF(Captions!$D$5:$D$200,"Static") -> 10 | E27: Needs visual | F27: =COUNTIF(Captions!$L$5:$L$200,"Needs visual") -> 3
B28: Story | C28: =COUNTIF(Captions!$D$5:$D$200,"Story") -> 2 | E28: Total | F28: =SUM(F25:F27) -> 30
B29: Total | C29: =SUM(C25:C28) -> 30
B31: Brand voice: unhurried, moody, precise, warm. Full rules on the Voice guide sheet.

Sheet Captions
A1: NOIR | Caption bank
A2: Edit the white columns. Grey columns (Full caption, Characters) are formulas.
A4: # | B4: Tone | C4: CTA type | D4: Format | E4: Post idea | F4: Hook (first line) | G4: Caption body | H4: CTA line | I4: Hashtags | J4: Full caption (copy-ready) | K4: Characters | L4: Status
A5: 1 | B5: Moody | C5: Save | D5: Reel | E5: Late-night ambience, 7pm to close | F5: The city gets quieter. We don't close. | G5: Soft lights, slow pours and a corner that's yours until 1am. | H5: Save this for the next night you need somewhere to go. | I5: #NOIRafterdark #latenightcoffee #coffeebar | J5: =F5&CHAR(10)&CHAR(10)&G5&CHAR(10)&CHAR(10)&H5&CHAR(10)&CHAR(10)&I5 -> The city gets quieter. We don't close. Soft lights, slow pours and a corner that's yours until 1am. Save this for the next night you need somewhere to go. #NOIRafterdark #latenightcoffee #coffeebar | K5: =LEN(J5) -> 200 | L5: Ready
A6: 2 | B6: Moody | C6: Comment | D6: Static | E6: Rain on the front window | F6: Rain on the glass, espresso in hand. | G6: Some evenings plan themselves. This is one of them. | H6: Tell us your rainy-night order. | I6: #NOIRafterdark #rainynights #cafeculture | J6: =F6&CHAR(10)&CHAR(10)&G6&CHAR(10)&CHAR(10)&H6&CHAR(10)&CHAR(10)&I6 -> Rain on the glass, espresso in hand. Some evenings plan themselves. This is one of them. Tell us your rainy-night order. #NOIRafterdark #rainynights #cafeculture | K6: =LEN(J6) -> 164 | L6: Ready
A7: 3 | B7: Moody | C7: Comment | D7: Carousel | E7: The café hour by hour, five frames | F7: 7pm to 1am, in five frames. | G7: Swipe to watch NOIR change as the night does. The light drops, the music softens, the conversations get better. | H7: Which hour is yours? Tell us below. | I7: #NOIRafterdark #coffeebar #nightowls | J7: =F7&CHAR(10)&CHAR(10)&G7&CHAR(10)&CHAR(10)&H7&CHAR(10)&CHAR(10)&I7 -> 7pm to 1am, in five frames. Swipe to watch NOIR change as the night does. The light drops, the music softens, the conversations get better. Which hour is yours? Tell us below. #NOIRafterdark #coffeebar #nightowls | K7: =LEN(J7) -> 215 | L7: Ready
A8: 4 | B8: Moody | C8: Share | D8: Reel | E8: Slow pour close-up, no music | F8: Nothing here is rushed. Especially this. | G8: Four slow minutes for one cup, and it tastes like it. | H8: Send this to the friend who needs to slow down. | I8: #slowcoffee #pourover #NOIRafterdark | J8: =F8&CHAR(10)&CHAR(10)&G8&CHAR(10)&CHAR(10)&H8&CHAR(10)&CHAR(10)&I8 -> Nothing here is rushed. Especially this. Four slow minutes for one cup, and it tastes like it. Send this to the friend who needs to slow down. #slowcoffee #pourover #NOIRafterdark | K8: =LEN(J8) -> 182 | L8: Ready
A9: 5 | B9: Moody | C9: Visit / Reserve | D9: Static | E9: 'Open till 1am' graphic | F9: For the ones whose day starts late. | G9: Open till 1am, every night. Come as you are, stay as long as you like. | H9: See you after dark. | I9: #NOIRafterdark #latenightcoffee #nightowls | J9: =F9&CHAR(10)&CHAR(10)&G9&CHAR(10)&CHAR(10)&H9&CHAR(10)&CHAR(10)&I9 -> For the ones whose day starts late. Open till 1am, every night. Come as you are, stay as long as you like. See you after dark. #NOIRafterdark #latenightcoffee #nightowls | K9: =LEN(J9) -> 172 | L9: Ready
A10: 6 | B10: Moody | C10: Visit / Reserve | D10: Static | E10: Empty corner seat, one lamp on | F10: A quiet corner, saved for someone. | G10: Could be you. Could be tonight. | H10: Reserve a corner through the link in bio. | I10: #NOIRafterdark #thirdplace #coffeebar | J10: =F10&CHAR(10)&CHAR(10)&G10&CHAR(10)&CHAR(10)&H10&CHAR(10)&CHAR(10)&I10 -> A quiet corner, saved for someone. Could be you. Could be tonight. Reserve a corner through the link in bio. #NOIRafterdark #thirdplace #coffeebar | K10: =LEN(J10) -> 149 | L10: Ready
A11: 7 | B11: Warm | C11: Save | D11: Carousel | E11: First-timer's guide | F11: First time at NOIR? Here's how to do it right. | G11: 1. Order something slow. 2. Pick a corner. 3. Put your phone down for ten minutes. 4. Stay longer than you planned. | H11: Save this for your first visit. | I11: #NOIRafterdark #cafeculture #coffeebar | J11: =F11&CHAR(10)&CHAR(10)&G11&CHAR(10)&CHAR(10)&H11&CHAR(10)&CHAR(10)&I11 -> First time at NOIR? Here's how to do it right. 1. Order something slow. 2. Pick a corner. 3. Put your phone down for ten minutes. 4. Stay longer than you planned. Save this for your first visit. #NOIRafterdark #cafeculture #coffeebar | K11: =LEN(J11) -> 236 | L11: Ready
A12: 8 | B12: Warm | C12: Tag | D12: Reel | E12: Barista greeting a regular by their order | F12: They know your order before you sit down. | G12: That's the goal with every person who walks in. Takes a few visits. Worth it. | H12: Tag your café person. | I12: #peopleofNOIR #cafeculture #baristalife | J12: =F12&CHAR(10)&CHAR(10)&G12&CHAR(10)&CHAR(10)&H12&CHAR(10)&CHAR(10)&I12 -> They know your order before you sit down. That's the goal with every person who walks in. Takes a few visits. Worth it. Tag your café person. #peopleofNOIR #cafeculture #baristalife | K12: =LEN(J12) -> 184 | L12: Ready
A13: 9 | B13: Warm | C13: Share | D13: Static | E13: Two cups on a small table | F13: Bring someone you actually want to talk to. | G13: Low music, no rush, and a table that fits exactly two. | H13: Send this to them. They'll get the hint. | I13: #NOIRafterdark #coffeedate #thirdplace | J13: =F13&CHAR(10)&CHAR(10)&G13&CHAR(10)&CHAR(10)&H13&CHAR(10)&CHAR(10)&I13 -> Bring someone you actually want to talk to. Low music, no rush, and a table that fits exactly two. Send this to them. They'll get the hint. #NOIRafterdark #coffeedate #thirdplace | K13: =LEN(J13) -> 181 | L13: Ready
A14: 10 | B14: Warm | C14: Visit / Reserve | D14: Reel | E14: Laptop session at 9pm | F14: Laptop open at 9pm? No one here will judge. | G14: The Wi-Fi's on, the lights are low and the refills keep coming. | H14: Come work late with us. | I14: #workfromcafe #nightowls #NOIRafterdark | J14: =F14&CHAR(10)&CHAR(10)&G14&CHAR(10)&CHAR(10)&H14&CHAR(10)&CHAR(10)&I14 -> Laptop open at 9pm? No one here will judge. The Wi-Fi's on, the lights are low and the refills keep coming. Come work late with us. #workfromcafe #nightowls #NOIRafterdark | K14: =LEN(J14) -> 174 | L14: Ready
A15: 11 | B15: Warm | C15: Follow | D15: Static | E15: Last order sign on the bar | F15: Last order at 12:30. No one leaves in a hurry. | G15: We'd rather you finish the conversation than finish on time. | H15: Follow for what's on this week. | I15: #NOIRafterdark #latenightcoffee #coffeebar | J15: =F15&CHAR(10)&CHAR(10)&G15&CHAR(10)&CHAR(10)&H15&CHAR(10)&CHAR(10)&I15 -> Last order at 12:30. No one leaves in a hurry. We'd rather you finish the conversation than finish on time. Follow for what's on this week. #NOIRafterdark #latenightcoffee #coffeebar | K15: =LEN(J15) -> 185 | L15: Ready
A16: 12 | B16: Warm | C16: Save | D16: Carousel | E16: This week's menu drop | F16: This week's menu drop is here. | G16: Three new drinks, one returning favourite. Swipe for all four. | H16: Save this so you remember what to order. | I16: #menudrop #NOIRafterdark #coffeebar | J16: =F16&CHAR(10)&CHAR(10)&G16&CHAR(10)&CHAR(10)&H16&CHAR(10)&CHAR(10)&I16 -> This week's menu drop is here. Three new drinks, one returning favourite. Swipe for all four. Save this so you remember what to order. #menudrop #NOIRafterdark #coffeebar | K16: =LEN(J16) -> 173 | L16: Needs visual
... A34: 30 | B34: Community | C34: Follow | D34: Reel | E34: One-month recap | F34: One month of late nights. | G34: Thank you for staying up with us. Here's to the next one. | H34: Follow along for month two. | I34: #NOIRafterdark #thirdplace #coffeebar | J34: =F34&CHAR(10)&CHAR(10)&G34&CHAR(10)&CHAR(10)&H34&CHAR(10)&CHAR(10)&I34 -> One month of late nights. Thank you for staying up with us. Here's to the next one. Follow along for month two. #NOIRafterdark #thirdplace #coffeebar | K34: =LEN(J34) -> 152 | L34: Draft

Sheet CTA bank
A1: CTA bank
A2: Pick the CTA by the goal of the post. One CTA per caption, always on the last line.
A4: CTA type | B4: Goal | C4: Why it matters | D4: Example lines
A5: Save | B5: Reach | C5: Saves tell the algorithm a post is worth coming back to. | D5: Save this for your next visit. Save this so you remember what to order. Save this for your next home brew.
A6: Share | B6: Reach | C6: Shares put the post in front of people who don't follow yet. | D6: Send this to the friend who needs to slow down. Send this to someone who'd love this place. Share this with your late-night crew.
A7: Comment | B7: Engagement | C7: Comments start conversations and show what the audience cares about. | D7: Tell us your rainy-night order. Which one are you? Be honest. Agree or disagree?
A8: Tag | B8: Engagement | C8: Tags bring in friends of existing fans. | D8: Tag your café person. Tag someone you've met here. Tag the friend you'd bring on a Friday.
A9: Visit / Reserve | B9: Footfall | C9: Turns attention into people walking through the door. | D9: Reserve a corner through the link in bio. See you after dark. Come work late with us.
A10: DM | B10: Leads | C10: Private messages are warmer leads for events and bookings. | D10: DM us to save a seat. Send us your idea. Message us for group bookings.
A11: Follow | B11: Growth | C11: Gives new viewers a reason to stay for the next post. | D11: Follow for what's on this week. Follow for more from behind the bar. Follow along for month two.
A12: Vote | B12: Engagement | C12: Polls are quick taps that lift Story engagement. | D12: Vote in the poll. Settle it for us. Pick one. No fence-sitting.

Sheet Hooks
A1: Hook formulas
A2: The first line decides whether anyone reads the rest. Keep hooks short enough to show before '...more'.
A4: Formula | B4: How it works | C4: Example from this bank
A5: Mood line | B5: Set the scene in one sensory sentence. | C5: Rain on the glass, espresso in hand.
A6: Time stamp | B6: Anchor the post to a specific moment. | C6: 7pm to 1am, in five frames.
A7: Direct address | B7: Speak to one specific person. | C7: First time at NOIR? Here's how to do it right.
A8: POV | B8: Put the viewer inside a relatable moment. | C8: POV: you said 'one coffee' three hours ago.
A9: Ranking / list | B9: Promise a quick, scannable payoff. | C9: Every NOIR regular at 11pm, ranked.
A10: Before vs after | B10: Show progress or contrast. | C10: Attempt 1 vs attempt 14.
A11: Hot take | B11: A mild opinion people want to react to. | C11: Coffee after 9pm is a personality.
A12: Curiosity gap | B12: Raise a question the caption answers. | C12: Four minutes for one cup. Here's why.
A13: Myth buster | B13: Correct something people get wrong. | C13: Steamed, not scalded. There's a difference.

Sheet Voice guide
A1: Voice guide
A3: Voice | B3: Sounds like | C3: Doesn't sound like
A4: Unhurried | B4: Stay as long as you like. | C4: Grab your coffee and go!
A5: Moody | B5: Soft lights, slow pours. | C5: The BEST vibes in town!!!
A6: Precise | B6: Silky milk sits around 60°C. | C6: Our coffee is simply amazing.
A7: Warm | B7: They know your order before you sit down. | C7: Valued customers, visit us today.
A10: Writing rules
A11: • Hook on the first line, under 10 words where possible.
A12: • Sentence case. No all-caps shouting, no strings of exclamation marks.
A13: • Short lines with a blank line between hook, body and CTA.
A14: • One CTA per caption, always last.
A15: • Emojis: none or one. The visuals carry the mood.
A16: • 3 to 5 hashtags: one branded (#NOIRafterdark) plus topic tags.
A17: • Never invent offers, prices or events that aren't confirmed.
